{
  "note": "Cosine/Jaccard/Node2Vec cannot score unseen occupations.",
  "task1_baselines": {
    "Cosine (standard)": {
      "Recall@5": 0.3372024312222902,
      "Recall@10": 0.5321685827040149,
      "NDCG@5": 0.7193335704383108,
      "NDCG@10": 0.6636516640627741,
      "Precision@10": 0.5458612975391499,
      "AUC": 0.8995942523385068
    },
    "Jaccard (standard)": {
      "Recall@5": 0.34539265889105897,
      "Recall@10": 0.547338113462768,
      "NDCG@5": 0.7338330383334088,
      "NDCG@10": 0.6802981547689169,
      "Precision@10": 0.5592841163310962,
      "AUC": 0.9003932294388257
    },
    "Node2Vec (standard)": {
      "Recall@5": 0.1206892490488497,
      "Recall@10": 0.22401715327139204,
      "NDCG@5": 0.29259970723370177,
      "NDCG@10": 0.2838901446743001,
      "Precision@10": 0.2649888143176734,
      "AUC": 0.7330434318774638
    }
  },
  "task1_ablation_standard": {
    "Base SAGE": {
      "Recall@5": 0.3547683194800457,
      "Recall@10": 0.5595261497605816,
      "NDCG@5": 0.7312319657866359,
      "NDCG@10": 0.6827453116726917,
      "Precision@10": 0.5609619686800895,
      "AUC": 0.9194201491940541
    },
    "+ TF-IDF": {
      "Recall@5": 0.36556797341284214,
      "Recall@10": 0.5773156611434761,
      "NDCG@5": 0.7540624741693781,
      "NDCG@10": 0.7028624079610234,
      "Precision@10": 0.5789709172259508,
      "AUC": 0.9219123581484229
    },
    "+ Weighted MP": {
      "Recall@5": 0.36460857851462397,
      "Recall@10": 0.5764481119592336,
      "NDCG@5": 0.7520551030441406,
      "NDCG@10": 0.7009097442717893,
      "Precision@10": 0.5748322147651006,
      "AUC": 0.9234998689838068
    },
    "Full (TF-IDF + WMP)": {
      "Recall@5": 0.3628159721388315,
      "Recall@10": 0.5744640762653002,
      "NDCG@5": 0.752538125110858,
      "NDCG@10": 0.7014792232261036,
      "Precision@10": 0.575503355704698,
      "AUC": 0.9228012687627491
    }
  },
  "task1_coldstart": {
    "GraphSAGE (TF-IDF only)": {
      "Recall@5": 0.11361197803656918,
      "Recall@10": 0.2128398985142434,
      "NDCG@5": 0.9201403407884847,
      "NDCG@10": 0.9086826665726557,
      "Precision@10": 0.8955056179775281,
      "AUC": 0.8979512839506173
    },
    "GraphSAGE (full)": {
      "Recall@5": 0.11512325996344185,
      "Recall@10": 0.2140283518692355,
      "NDCG@5": 0.9295727976159367,
      "NDCG@10": 0.9111161446311467,
      "Precision@10": 0.8955056179775281,
      "AUC": 0.8912735308641975
    }
  },
  "task2_occupation_similarity": {
    "GraphSAGE (full)": {
      "FamilyP@5": 0.23825503355704697,
      "FamilyP@10": 0.22348993288590605
    }
  }
}